{"cameraMode":{"drawMode":0,"name":"Shaded","section":"Shading Mode"},"sceneLighting":false,"audioPlay":false,"sceneViewState":{"m_AlwaysRefresh":false,"showFog":true,"showSkybox":true,"showFlares":true,"showImageEffects":true,"showParticleSystems":true,"showVisualEffectGraphs":true,"m_FxEnabled":true},"in2DMode":false,"pivot":{"x":3.728912353515625,"y":-7.3434553146362309,"z":30.393665313720704},"rotation":{"x":-0.12938830256462098,"y":0.15004749596118928,"z":-0.041585858911275867,"w":-0.9796133637428284},"size":16.937833786010743,"orthographic":false}